{
    "M2": [
        -102.09954796959302,
        -19.817504541841696
    ],
    "S2": [
        -32.14322345192041,
        12.274672022594729
    ],
    "N2": [
        -15.785410345896867,
        -15.122125968742884
    ],
    "K1": [
        -7.930249751292616,
        -5.353819054860728
    ],
    "O1": [
        -3.7946660707935926,
        -7.620396674888999
    ],
    "M4": [
        -0.7102222123687948,
        -0.8282801788214568
    ],
    "M6": [
        0.15388830481469262,
        -0.806025104312701
    ],
    "MK3": [
        -0.22452472121710568,
        -0.5217200629143119
    ],
    "S4": [
        0.26468676779998473,
        -0.22245082029507515
    ],
    "MN4": [
        0.007944711453844237,
        -0.01873288942517383
    ]
}