{
    "M2": 104.0050536329305,
    "S2": 34.40718510865306,
    "N2": 21.859960520226775,
    "K1": 9.568293432916565,
    "O1": 8.512927609341933,
    "M4": 1.0910840261004067,
    "M6": 0.8205835550638362,
    "MK3": 0.5679815847661535,
    "S4": 0.34574933089899795,
    "MN4": 0.020333099218479266
}